"2019-09-23";"06:54:45";"WinControl (rev 848) report file"
"Datetime";"Date";"Time";"Type";"No.";"1:F";"1:Fm'";"1:PAR";"1:Y (II)";"1:ETR"
"";"";"";"D";"";"Device Nr: #1, Diving-PAM ";""
"2019-09-23 04:50:30.054";"2019-09-23";"04:50:30";"SCHS";"";"Chart start ";""
"2019-09-23 04:50:30.055";"2019-09-23";"04:50:30";"FO";"2436";"0";"0";"0";"-";"-"
"2019-09-23 04:50:43.298";"2019-09-23";"04:50:43";"FO";"2437";"0";"0";"0";"-";"-"
"2019-09-23 04:51:05.439";"2019-09-23";"04:51:05";"FO";"2438";"0";"0";"0";"-";"-"
"2019-09-23 04:52:01.000";"2019-09-23";"04:52:01";"FO";"2439";"422";"1215";"0";"0.653";"0.0"
"2019-09-23 04:52:22.515";"2019-09-23";"04:52:22";"F";"2440";"646";"1210";"60";"0.466";"11.7"
"2019-09-23 04:52:43.668";"2019-09-23";"04:52:43";"F";"2441";"622";"1167";"85";"0.467";"16.7"
"2019-09-23 04:53:04.610";"2019-09-23";"04:53:04";"F";"2442";"649";"1124";"120";"0.423";"21.3"
"2019-09-23 04:53:26.999";"2019-09-23";"04:53:26";"F";"2443";"708";"1075";"198";"0.341";"28.4"
"2019-09-23 04:53:47.056";"2019-09-23";"04:53:47";"F";"2444";"738";"1019";"295";"0.276";"34.2"
"2019-09-23 04:54:09.255";"2019-09-23";"04:54:09";"F";"2445";"764";"951";"475";"0.197";"39.3"
"2019-09-23 04:54:30.852";"2019-09-23";"04:54:30";"F";"2446";"760";"881";"700";"0.137";"40.3"
"2019-09-23 04:54:51.538";"2019-09-23";"04:54:51";"F";"2447";"744";"808";"1250";"0.079";"41.5"
"2019-09-23 04:55:32.515";"2019-09-23";"04:55:32";"FO";"2448";"467";"1461";"0";"0.680";"0.0"
"2019-09-23 04:55:53.721";"2019-09-23";"04:55:53";"F";"2449";"756";"1459";"60";"0.482";"12.1"
"2019-09-23 04:56:14.190";"2019-09-23";"04:56:14";"F";"2450";"751";"1424";"85";"0.473";"16.9"
"2019-09-23 04:56:36.715";"2019-09-23";"04:56:36";"F";"2451";"804";"1396";"120";"0.424";"21.4"
"2019-09-23 04:56:57.309";"2019-09-23";"04:56:57";"F";"2452";"913";"1362";"198";"0.330";"27.4"
"2019-09-23 04:57:18.231";"2019-09-23";"04:57:18";"F";"2453";"980";"1306";"295";"0.250";"31.0"
"2019-09-23 04:57:40.152";"2019-09-23";"04:57:40";"F";"2454";"1024";"1237";"475";"0.172";"34.3"
"2019-09-23 04:58:00.731";"2019-09-23";"04:58:00";"F";"2455";"1023";"1151";"700";"0.111";"32.6"
"2019-09-23 04:58:22.717";"2019-09-23";"04:58:22";"F";"2456";"988";"1050";"1250";"0.059";"31.0"
"2019-09-23 04:59:05.170";"2019-09-23";"04:59:05";"FO";"2457";"438";"1270";"0";"0.655";"0.0"
"2019-09-23 04:59:25.948";"2019-09-23";"04:59:25";"F";"2458";"706";"1315";"60";"0.463";"11.7"
"2019-09-23 04:59:47.872";"2019-09-23";"04:59:47";"F";"2459";"712";"1306";"85";"0.455";"16.2"
"2019-09-23 05:00:08.247";"2019-09-23";"05:00:08";"F";"2460";"757";"1295";"120";"0.415";"20.9"
"2019-09-23 05:00:29.366";"2019-09-23";"05:00:29";"F";"2461";"844";"1254";"198";"0.327";"27.2"
"2019-09-23 05:00:51.816";"2019-09-23";"05:00:51";"F";"2462";"895";"1202";"295";"0.255";"31.6"
"2019-09-23 05:01:12.052";"2019-09-23";"05:01:12";"F";"2463";"931";"1136";"475";"0.180";"35.9"
"2019-09-23 05:01:33.122";"2019-09-23";"05:01:33";"F";"2464";"934";"1058";"700";"0.117";"34.4"
"2019-09-23 05:01:55.279";"2019-09-23";"05:01:55";"F";"2465";"915";"973";"1250";"0.060";"31.5"
"2019-09-23 05:02:39.041";"2019-09-23";"05:02:39";"FO";"2466";"407";"1384";"0";"0.706";"0.0"
"2019-09-23 05:03:00.122";"2019-09-23";"05:03:00";"F";"2467";"715";"1398";"60";"0.489";"12.3"
"2019-09-23 05:03:20.870";"2019-09-23";"05:03:20";"F";"2468";"707";"1367";"85";"0.483";"17.2"
"2019-09-23 05:03:43.184";"2019-09-23";"05:03:43";"F";"2469";"753";"1337";"120";"0.437";"22.0"
"2019-09-23 05:04:03.417";"2019-09-23";"05:04:03";"F";"2470";"869";"1290";"198";"0.326";"27.1"
"2019-09-23 05:04:23.732";"2019-09-23";"05:04:23";"F";"2471";"914";"1210";"295";"0.245";"30.4"
"2019-09-23 05:04:44.814";"2019-09-23";"05:04:44";"F";"2472";"943";"1132";"475";"0.167";"33.3"
"2019-09-23 05:05:05.325";"2019-09-23";"05:05:05";"F";"2473";"937";"1052";"700";"0.109";"32.0"
"2019-09-23 05:05:26.262";"2019-09-23";"05:05:26";"F";"2474";"907";"960";"1250";"0.055";"28.9"
"2019-09-23 05:06:09.200";"2019-09-23";"05:06:09";"FO";"2475";"328";"913";"0";"0.641";"0.0"
"2019-09-23 05:06:29.293";"2019-09-23";"05:06:29";"F";"2476";"470";"870";"60";"0.460";"11.6"
"2019-09-23 05:06:50.262";"2019-09-23";"05:06:50";"F";"2477";"449";"835";"85";"0.462";"16.5"
"2019-09-23 05:07:11.017";"2019-09-23";"05:07:11";"F";"2478";"457";"806";"120";"0.433";"21.8"
"2019-09-23 05:07:32.222";"2019-09-23";"05:07:32";"F";"2479";"491";"763";"198";"0.356";"29.6"
"2019-09-23 05:07:52.341";"2019-09-23";"05:07:52";"F";"2480";"507";"711";"295";"0.287";"35.6"
"2019-09-23 05:08:12.870";"2019-09-23";"05:08:12";"F";"2481";"514";"648";"475";"0.207";"41.3"
"2019-09-23 05:08:34.002";"2019-09-23";"05:08:34";"F";"2482";"495";"577";"700";"0.142";"41.7"
"2019-09-23 05:08:54.297";"2019-09-23";"05:08:54";"F";"2483";"473";"514";"1250";"0.080";"42.0"
"2019-09-23 05:11:22.606";"2019-09-23";"05:11:22";"FO";"2484";"423";"1091";"0";"0.612";"0.0"
"2019-09-23 05:11:42.869";"2019-09-23";"05:11:42";"F";"2485";"589";"1010";"60";"0.417";"10.5"
"2019-09-23 05:12:03.929";"2019-09-23";"05:12:03";"F";"2486";"509";"898";"85";"0.433";"15.5"
"2019-09-23 05:12:24.711";"2019-09-23";"05:12:24";"F";"2487";"478";"833";"120";"0.426";"21.5"
"2019-09-23 05:12:44.535";"2019-09-23";"05:12:44";"F";"2488";"479";"758";"198";"0.368";"30.6"
"2019-09-23 05:13:05.483";"2019-09-23";"05:13:05";"F";"2489";"468";"682";"295";"0.314";"38.9"
"2019-09-23 05:13:27.288";"2019-09-23";"05:13:27";"F";"2490";"461";"610";"475";"0.244";"48.7"
"2019-09-23 05:13:47.606";"2019-09-23";"05:13:47";"F";"2491";"442";"540";"700";"0.181";"53.2"
"2019-09-23 05:14:08.280";"2019-09-23";"05:14:08";"F";"2492";"418";"471";"1250";"0.113";"59.3"
"2019-09-23 05:15:31.171";"2019-09-23";"05:15:31";"FO";"2493";"651";"2094";"0";"0.689";"0.0"
"2019-09-23 05:15:51.218";"2019-09-23";"05:15:51";"F";"2494";"1106";"2099";"60";"0.473";"11.9"
"2019-09-23 05:16:12.645";"2019-09-23";"05:16:12";"F";"2495";"1156";"2080";"85";"0.444";"15.9"
"2019-09-23 05:16:32.351";"2019-09-23";"05:16:32";"F";"2496";"1237";"2055";"120";"0.398";"20.1"
"2019-09-23 05:16:53.418";"2019-09-23";"05:16:53";"F";"2497";"1398";"2012";"198";"0.305";"25.4"
"2019-09-23 05:17:14.901";"2019-09-23";"05:17:14";"F";"2498";"1486";"1965";"295";"0.244";"30.2"
"2019-09-23 05:17:34.684";"2019-09-23";"05:17:34";"F";"2499";"1570";"1898";"475";"0.173";"34.5"
"2019-09-23 05:17:56.031";"2019-09-23";"05:17:56";"F";"2500";"1609";"1817";"700";"0.114";"33.5"
"2019-09-23 05:18:17.502";"2019-09-23";"05:18:17";"F";"2501";"1607";"1712";"1250";"0.061";"32.0"
"2019-09-23 05:19:13.827";"2019-09-23";"05:19:13";"FO";"2502";"310";"916";"0";"0.662";"0.0"
"2019-09-23 05:19:34.106";"2019-09-23";"05:19:34";"F";"2503";"450";"914";"60";"0.508";"12.8"
"2019-09-23 05:19:55.334";"2019-09-23";"05:19:55";"F";"2504";"433";"887";"85";"0.512";"18.3"
"2019-09-23 05:20:15.254";"2019-09-23";"05:20:15";"F";"2505";"441";"858";"120";"0.486";"24.5"
"2019-09-23 05:20:36.053";"2019-09-23";"05:20:36";"F";"2506";"483";"823";"198";"0.413";"34.3"
"2019-09-23 05:20:57.341";"2019-09-23";"05:20:57";"F";"2507";"516";"778";"295";"0.337";"41.8"
"2019-09-23 05:21:17.828";"2019-09-23";"05:21:17";"F";"2508";"547";"720";"475";"0.240";"47.9"
"2019-09-23 05:21:38.436";"2019-09-23";"05:21:38";"F";"2509";"547";"654";"700";"0.164";"48.2"
"2019-09-23 05:21:59.900";"2019-09-23";"05:21:59";"F";"2510";"531";"582";"1250";"0.088";"46.2"
"2019-09-23 05:23:12.538";"2019-09-23";"05:23:12";"FO";"2511";"491";"1595";"0";"0.692";"0.0"
"2019-09-23 05:23:32.278";"2019-09-23";"05:23:32";"F";"2512";"835";"1604";"60";"0.479";"12.1"
"2019-09-23 05:23:53.678";"2019-09-23";"05:23:53";"F";"2513";"867";"1588";"85";"0.454";"16.2"
"2019-09-23 05:24:13.499";"2019-09-23";"05:24:13";"F";"2514";"903";"1564";"120";"0.423";"21.3"
"2019-09-23 05:24:34.817";"2019-09-23";"05:24:34";"F";"2515";"1013";"1534";"198";"0.340";"28.3"
"2019-09-23 05:24:55.417";"2019-09-23";"05:24:55";"F";"2516";"1082";"1488";"295";"0.273";"33.8"
"2019-09-23 05:25:16.986";"2019-09-23";"05:25:16";"F";"2517";"1142";"1431";"475";"0.202";"40.3"
"2019-09-23 05:25:37.245";"2019-09-23";"05:25:37";"F";"2518";"1170";"1362";"700";"0.141";"41.5"
"2019-09-23 05:25:57.802";"2019-09-23";"05:25:57";"F";"2519";"1172";"1275";"1250";"0.081";"42.5"
"2019-09-23 05:26:56.331";"2019-09-23";"05:26:56";"FO";"2520";"479";"1447";"0";"0.669";"0.0"
"2019-09-23 05:27:17.825";"2019-09-23";"05:27:17";"F";"2521";"813";"1425";"60";"0.429";"10.8"
"2019-09-23 05:27:37.557";"2019-09-23";"05:27:37";"F";"2522";"824";"1389";"85";"0.407";"14.5"
"2019-09-23 05:27:58.811";"2019-09-23";"05:27:58";"F";"2523";"876";"1366";"120";"0.359";"18.1"
"2019-09-23 05:28:19.115";"2019-09-23";"05:28:19";"F";"2524";"953";"1330";"198";"0.283";"23.5"
"2019-09-23 05:28:40.412";"2019-09-23";"05:28:40";"F";"2525";"998";"1286";"295";"0.224";"27.8"
"2019-09-23 05:29:00.838";"2019-09-23";"05:29:00";"F";"2526";"1042";"1230";"475";"0.153";"30.5"
"2019-09-23 05:29:21.309";"2019-09-23";"05:29:21";"F";"2527";"1047";"1164";"700";"0.101";"29.7"
"2019-09-23 05:29:42.741";"2019-09-23";"05:29:42";"F";"2528";"1027";"1084";"1250";"0.053";"27.8"
"2019-09-23 05:30:33.184";"2019-09-23";"05:30:33";"FO";"2529";"342";"1116";"0";"0.694";"0.0"
"2019-09-23 05:30:53.375";"2019-09-23";"05:30:53";"F";"2530";"564";"981";"60";"0.425";"10.7"
"2019-09-23 05:31:13.917";"2019-09-23";"05:31:13";"F";"2531";"449";"807";"85";"0.444";"15.9"
"2019-09-23 05:31:35.017";"2019-09-23";"05:31:35";"F";"2532";"418";"707";"120";"0.409";"20.6"
"2019-09-23 05:31:56.366";"2019-09-23";"05:31:56";"F";"2533";"409";"628";"198";"0.349";"29.0"
"2019-09-23 05:32:17.192";"2019-09-23";"05:32:17";"F";"2534";"406";"579";"295";"0.299";"37.0"
"2019-09-23 05:32:36.899";"2019-09-23";"05:32:36";"F";"2535";"402";"520";"475";"0.227";"45.3"
"2019-09-23 05:32:57.968";"2019-09-23";"05:32:57";"F";"2536";"389";"466";"700";"0.165";"48.5"
"2019-09-23 05:33:19.821";"2019-09-23";"05:33:19";"F";"2537";"381";"421";"1250";"0.095";"49.9"
"2019-09-23 05:34:08.324";"2019-09-23";"05:34:08";"FO";"2538";"199";"540";"0";"0.631";"0.0"
"2019-09-23 05:34:28.277";"2019-09-23";"05:34:28";"F";"2539";"253";"456";"60";"0.445";"11.2"
"2019-09-23 05:34:49.143";"2019-09-23";"05:34:49";"F";"2540";"212";"380";"85";"0.442";"15.8"
"2019-09-23 05:35:10.148";"2019-09-23";"05:35:10";"F";"2541";"197";"336";"120";"0.414";"20.9"
"2019-09-23 05:35:30.074";"2019-09-23";"05:35:30";"F";"2542";"191";"305";"198";"0.374";"31.1"
"2019-09-23 05:35:50.590";"2019-09-23";"05:35:50";"F";"2543";"189";"280";"295";"0.325";"40.3"
"2019-09-23 05:36:12.075";"2019-09-23";"05:36:12";"F";"2544";"188";"255";"475";"0.263";"52.5"
"2019-09-23 05:36:32.209";"2019-09-23";"05:36:32";"F";"2545";"182";"230";"700";"0.209";"61.4"
"2019-09-23 05:36:53.606";"2019-09-23";"05:36:53";"F";"2546";"180";"209";"1250";"0.139";"73.0"
"2019-09-23 05:37:33.668";"2019-09-23";"05:37:33";"FO";"2547";"445";"1437";"0";"0.690";"0.0"
"2019-09-23 05:37:53.452";"2019-09-23";"05:37:53";"F";"2548";"736";"1338";"60";"0.450";"11.3"
"2019-09-23 05:38:14.555";"2019-09-23";"05:38:14";"F";"2549";"640";"1144";"85";"0.441";"15.7"
"2019-09-23 05:38:34.500";"2019-09-23";"05:38:34";"F";"2550";"628";"1026";"120";"0.388";"19.6"
"2019-09-23 05:38:55.543";"2019-09-23";"05:38:55";"F";"2551";"647";"935";"198";"0.308";"25.6"
"2019-09-23 05:39:16.007";"2019-09-23";"05:39:16";"F";"2552";"652";"870";"295";"0.251";"31.1"
"2019-09-23 05:39:37.540";"2019-09-23";"05:39:37";"F";"2553";"664";"809";"475";"0.179";"35.7"
"2019-09-23 05:39:58.043";"2019-09-23";"05:39:58";"F";"2554";"658";"746";"700";"0.118";"34.7"
"2019-09-23 05:40:19.452";"2019-09-23";"05:40:19";"F";"2555";"640";"685";"1250";"0.066";"34.7"
"2019-09-23 05:41:12.715";"2019-09-23";"05:41:12";"FO";"2556";"262";"701";"0";"0.626";"0.0"
"2019-09-23 05:41:31.417";"2019-09-23";"05:41:31";"F";"2557";"336";"595";"60";"0.435";"11.0"
"2019-09-23 05:41:52.393";"2019-09-23";"05:41:52";"F";"2558";"282";"500";"85";"0.436";"15.6"
"2019-09-23 05:42:13.293";"2019-09-23";"05:42:13";"F";"2559";"266";"446";"120";"0.404";"20.4"
"2019-09-23 05:42:34.303";"2019-09-23";"05:42:34";"F";"2560";"259";"404";"198";"0.359";"29.9"
"2019-09-23 05:42:54.419";"2019-09-23";"05:42:54";"F";"2561";"254";"373";"295";"0.319";"39.5"
"2019-09-23 05:43:16.668";"2019-09-23";"05:43:16";"F";"2562";"252";"340";"475";"0.259";"51.7"
"2019-09-23 05:43:36.969";"2019-09-23";"05:43:36";"F";"2563";"247";"308";"700";"0.198";"58.2"
"2019-09-23 05:43:57.425";"2019-09-23";"05:43:57";"F";"2564";"244";"280";"1250";"0.129";"67.7"
"2019-09-23 05:44:39.861";"2019-09-23";"05:44:39";"FO";"2565";"339";"1099";"0";"0.692";"0.0"
"2019-09-23 05:45:00.918";"2019-09-23";"05:45:00";"F";"2566";"542";"998";"60";"0.457";"11.5"
"2019-09-23 05:45:20.893";"2019-09-23";"05:45:20";"F";"2567";"442";"842";"85";"0.475";"17.0"
"2019-09-23 05:45:42.334";"2019-09-23";"05:45:42";"F";"2568";"418";"744";"120";"0.438";"22.1"
"2019-09-23 05:46:02.862";"2019-09-23";"05:46:02";"F";"2569";"417";"667";"198";"0.375";"31.2"
"2019-09-23 05:46:23.309";"2019-09-23";"05:46:23";"F";"2570";"413";"608";"295";"0.321";"39.8"
"2019-09-23 05:46:43.606";"2019-09-23";"05:46:43";"F";"2571";"416";"554";"475";"0.249";"49.7"
"2019-09-23 05:47:05.543";"2019-09-23";"05:47:05";"F";"2572";"410";"497";"700";"0.175";"51.5"
"2019-09-23 05:47:25.944";"2019-09-23";"05:47:25";"F";"2573";"400";"441";"1250";"0.093";"48.8"
"2019-09-23 05:48:18.199";"2019-09-23";"05:48:18";"FO";"2574";"196";"510";"0";"0.616";"0.0"
"2019-09-23 05:48:39.190";"2019-09-23";"05:48:39";"F";"2575";"241";"402";"60";"0.400";"10.1"
"2019-09-23 05:49:00.074";"2019-09-23";"05:49:00";"F";"2576";"196";"326";"85";"0.399";"14.2"
"2019-09-23 05:49:21.075";"2019-09-23";"05:49:21";"F";"2577";"180";"289";"120";"0.377";"19.0"
"2019-09-23 05:49:41.405";"2019-09-23";"05:49:41";"F";"2578";"173";"261";"198";"0.337";"28.0"
"2019-09-23 05:50:01.716";"2019-09-23";"05:50:01";"F";"2579";"168";"239";"295";"0.297";"36.8"
"2019-09-23 05:50:22.986";"2019-09-23";"05:50:22";"F";"2580";"164";"219";"475";"0.251";"50.1"
"2019-09-23 05:50:43.105";"2019-09-23";"05:50:43";"F";"2581";"159";"197";"700";"0.193";"56.7"
"2019-09-23 05:51:04.684";"2019-09-23";"05:51:04";"F";"2582";"154";"178";"1250";"0.135";"70.9"
"2019-09-23 05:51:53.542";"2019-09-23";"05:51:53";"FO";"2583";"445";"1521";"0";"0.707";"0.0"
"2019-09-23 05:52:14.621";"2019-09-23";"05:52:14";"F";"2584";"754";"1406";"60";"0.464";"11.7"
"2019-09-23 05:52:36.055";"2019-09-23";"05:52:36";"F";"2585";"640";"1191";"85";"0.463";"16.5"
"2019-09-23 05:52:55.785";"2019-09-23";"05:52:55";"F";"2586";"607";"1055";"120";"0.425";"21.4"
"2019-09-23 05:53:17.486";"2019-09-23";"05:53:17";"F";"2587";"616";"957";"198";"0.356";"29.6"
"2019-09-23 05:53:38.153";"2019-09-23";"05:53:38";"F";"2588";"613";"877";"295";"0.301";"37.3"
"2019-09-23 05:53:57.794";"2019-09-23";"05:53:57";"F";"2589";"616";"802";"475";"0.232";"46.3"
"2019-09-23 05:54:19.554";"2019-09-23";"05:54:19";"F";"2590";"607";"722";"700";"0.159";"46.7"
"2019-09-23 05:54:39.736";"2019-09-23";"05:54:39";"F";"2591";"587";"646";"1250";"0.091";"47.8"
"2019-09-23 05:55:31.685";"2019-09-23";"05:55:31";"FO";"2592";"254";"659";"0";"0.615";"0.0"
"2019-09-23 05:55:51.605";"2019-09-23";"05:55:51";"F";"2593";"314";"509";"60";"0.383";"9.7"
"2019-09-23 05:56:12.350";"2019-09-23";"05:56:12";"F";"2594";"244";"396";"85";"0.384";"13.7"
"2019-09-23 05:56:33.359";"2019-09-23";"05:56:33";"F";"2595";"222";"340";"120";"0.347";"17.5"
"2019-09-23 05:56:54.796";"2019-09-23";"05:56:54";"F";"2596";"210";"302";"198";"0.305";"25.4"
"2019-09-23 05:57:14.622";"2019-09-23";"05:57:14";"F";"2597";"201";"269";"295";"0.253";"31.3"
"2019-09-23 05:57:35.917";"2019-09-23";"05:57:35";"F";"2598";"191";"241";"475";"0.207";"41.3"
"2019-09-23 05:57:56.207";"2019-09-23";"05:57:56";"F";"2599";"183";"215";"700";"0.149";"43.8"
"2019-09-23 05:58:16.654";"2019-09-23";"05:58:16";"F";"2600";"174";"190";"1250";"0.084";"44.1"
"2019-09-23 05:59:07.590";"2019-09-23";"05:59:07";"FO";"2601";"344";"1171";"0";"0.706";"0.0"
"2019-09-23 05:59:27.388";"2019-09-23";"05:59:27";"F";"2602";"610";"1105";"60";"0.448";"11.3"
"2019-09-23 05:59:48.836";"2019-09-23";"05:59:48";"F";"2603";"506";"934";"85";"0.458";"16.4"
"2019-09-23 06:00:08.684";"2019-09-23";"06:00:08";"F";"2604";"468";"822";"120";"0.431";"21.7"
"2019-09-23 06:00:30.277";"2019-09-23";"06:00:30";"F";"2605";"475";"742";"198";"0.360";"29.9"
"2019-09-23 06:00:50.802";"2019-09-23";"06:00:50";"F";"2606";"473";"675";"295";"0.299";"37.0"
"2019-09-23 06:01:12.106";"2019-09-23";"06:01:12";"F";"2607";"474";"614";"475";"0.228";"45.5"
"2019-09-23 06:01:32.537";"2019-09-23";"06:01:32";"F";"2608";"467";"552";"700";"0.154";"45.3"
"2019-09-23 06:01:52.605";"2019-09-23";"06:01:52";"F";"2609";"448";"489";"1250";"0.084";"44.1"
"2019-09-23 06:02:43.720";"2019-09-23";"06:02:43";"FO";"2610";"419";"1020";"0";"0.589";"0.0"
"2019-09-23 06:03:03.606";"2019-09-23";"06:03:03";"F";"2611";"549";"831";"60";"0.339";"8.5"
"2019-09-23 06:03:24.537";"2019-09-23";"06:03:24";"F";"2612";"458";"688";"85";"0.334";"11.9"
"2019-09-23 06:03:45.554";"2019-09-23";"06:03:45";"F";"2613";"419";"604";"120";"0.306";"15.4"
"2019-09-23 06:04:05.978";"2019-09-23";"06:04:05";"F";"2614";"403";"544";"198";"0.259";"21.5"
"2019-09-23 06:04:26.606";"2019-09-23";"06:04:26";"F";"2615";"390";"499";"295";"0.218";"27.0"
"2019-09-23 06:04:47.794";"2019-09-23";"06:04:47";"F";"2616";"380";"456";"475";"0.167";"33.3"
"2019-09-23 06:05:08.900";"2019-09-23";"06:05:08";"F";"2617";"368";"418";"700";"0.120";"35.3"
"2019-09-23 06:05:29.837";"2019-09-23";"06:05:29";"F";"2618";"357";"383";"1250";"0.068";"35.7"
"2019-09-23 06:06:23.121";"2019-09-23";"06:06:23";"FO";"2619";"158";"533";"0";"0.704";"0.0"
"2019-09-23 06:06:43.238";"2019-09-23";"06:06:43";"F";"2620";"228";"371";"60";"0.385";"9.7"
"2019-09-23 06:07:04.122";"2019-09-23";"06:07:04";"F";"2621";"174";"299";"85";"0.418";"14.9"
"2019-09-23 06:07:24.865";"2019-09-23";"06:07:24";"F";"2622";"165";"270";"120";"0.389";"19.6"
"2019-09-23 06:07:46.420";"2019-09-23";"06:07:46";"F";"2623";"166";"245";"198";"0.322";"26.8"
"2019-09-23 06:08:06.530";"2019-09-23";"06:08:06";"F";"2624";"165";"227";"295";"0.273";"33.8"
"2019-09-23 06:08:28.039";"2019-09-23";"06:08:28";"F";"2625";"167";"210";"475";"0.205";"40.9"
"2019-09-23 06:08:47.794";"2019-09-23";"06:08:47";"F";"2626";"167";"196";"700";"0.148";"43.5"
"2019-09-23 06:09:09.017";"2019-09-23";"06:09:09";"F";"2627";"166";"181";"1250";"0.083";"43.6"
"2019-09-23 06:09:56.542";"2019-09-23";"06:09:56";"FO";"2628";"144";"451";"0";"0.681";"0.0"
"2019-09-23 06:10:16.334";"2019-09-23";"06:10:16";"F";"2629";"185";"290";"60";"0.362";"9.1"
"2019-09-23 06:10:37.284";"2019-09-23";"06:10:37";"F";"2630";"128";"223";"85";"0.426";"15.2"
"2019-09-23 06:10:57.168";"2019-09-23";"06:10:57";"F";"2631";"119";"202";"120";"0.411";"20.7"
"2019-09-23 06:11:18.277";"2019-09-23";"06:11:18";"F";"2632";"117";"182";"198";"0.357";"29.7"
"2019-09-23 06:11:38.555";"2019-09-23";"06:11:38";"F";"2633";"114";"165";"295";"0.309";"38.3"
"2019-09-23 06:12:00.318";"2019-09-23";"06:12:00";"F";"2634";"113";"149";"475";"0.242";"48.3"
"2019-09-23 06:12:19.955";"2019-09-23";"06:12:19";"F";"2635";"112";"138";"700";"0.188";"55.3"
"2019-09-23 06:12:41.902";"2019-09-23";"06:12:41";"F";"2636";"110";"124";"1250";"0.113";"59.3"
"2019-09-23 06:13:39.398";"2019-09-23";"06:13:39";"FO";"2637";"354";"1177";"0";"0.699";"0.0"
"2019-09-23 06:13:59.169";"2019-09-23";"06:13:59";"F";"2638";"675";"1185";"60";"0.430";"10.8"
"2019-09-23 06:14:20.184";"2019-09-23";"06:14:20";"F";"2639";"694";"1169";"85";"0.406";"14.5"
"2019-09-23 06:14:41.637";"2019-09-23";"06:14:41";"F";"2640";"709";"1126";"120";"0.370";"18.6"
"2019-09-23 06:15:01.484";"2019-09-23";"06:15:01";"F";"2641";"787";"1066";"198";"0.262";"21.8"
"2019-09-23 06:15:23.137";"2019-09-23";"06:15:23";"F";"2642";"797";"988";"295";"0.193";"23.9"
"2019-09-23 06:15:43.794";"2019-09-23";"06:15:43";"F";"2643";"791";"909";"475";"0.130";"25.9"
"2019-09-23 06:16:03.538";"2019-09-23";"06:16:03";"F";"2644";"764";"832";"700";"0.082";"24.1"
"2019-09-23 06:16:25.121";"2019-09-23";"06:16:25";"F";"2645";"724";"755";"1250";"0.041";"21.5"
"2019-09-23 06:17:06.184";"2019-09-23";"06:17:06";"FO";"2646";"258";"785";"0";"0.671";"0.0"
"2019-09-23 06:17:25.199";"2019-09-23";"06:17:25";"F";"2647";"384";"788";"60";"0.513";"12.9"
"2019-09-23 06:17:45.968";"2019-09-23";"06:17:45";"F";"2648";"372";"777";"85";"0.521";"18.6"
"2019-09-23 06:18:06.984";"2019-09-23";"06:18:06";"F";"2649";"385";"762";"120";"0.495";"24.9"
"2019-09-23 06:18:28.262";"2019-09-23";"06:18:28";"F";"2650";"430";"726";"198";"0.408";"33.9"
"2019-09-23 06:18:49.605";"2019-09-23";"06:18:49";"F";"2651";"452";"678";"295";"0.333";"41.3"
"2019-09-23 06:19:09.778";"2019-09-23";"06:19:09";"F";"2652";"468";"614";"475";"0.238";"47.5"
"2019-09-23 06:19:30.293";"2019-09-23";"06:19:30";"F";"2653";"460";"550";"700";"0.164";"48.2"
"2019-09-23 06:19:50.499";"2019-09-23";"06:19:50";"F";"2654";"443";"485";"1250";"0.087";"45.7"
"2019-09-23 06:20:53.484";"2019-09-23";"06:20:53";"FO";"2655";"484";"1351";"0";"0.642";"0.0"
"2019-09-23 06:21:13.352";"2019-09-23";"06:21:13";"F";"2656";"736";"1334";"60";"0.448";"11.3"
"2019-09-23 06:21:34.701";"2019-09-23";"06:21:34";"F";"2657";"692";"1261";"85";"0.451";"16.1"
"2019-09-23 06:21:54.437";"2019-09-23";"06:21:54";"F";"2658";"709";"1185";"120";"0.402";"20.3"
"2019-09-23 06:22:16.015";"2019-09-23";"06:22:16";"F";"2659";"748";"1086";"198";"0.311";"25.9"
"2019-09-23 06:22:36.517";"2019-09-23";"06:22:36";"F";"2660";"742";"975";"295";"0.239";"29.6"
"2019-09-23 06:22:58.044";"2019-09-23";"06:22:58";"F";"2661";"727";"868";"475";"0.162";"32.3"
"2019-09-23 06:23:18.398";"2019-09-23";"06:23:18";"F";"2662";"692";"770";"700";"0.101";"29.7"
"2019-09-23 06:23:38.781";"2019-09-23";"06:23:38";"F";"2663";"646";"681";"1250";"0.051";"26.8"
"2019-09-23 06:24:45.200";"2019-09-23";"06:24:45";"FO";"2664";"253";"809";"0";"0.687";"0.0"
"2019-09-23 06:25:05.952";"2019-09-23";"06:25:05";"F";"2665";"409";"818";"60";"0.500";"12.6"
"2019-09-23 06:25:25.835";"2019-09-23";"06:25:25";"F";"2666";"406";"797";"85";"0.491";"17.5"
"2019-09-23 06:25:46.875";"2019-09-23";"06:25:46";"F";"2667";"428";"767";"120";"0.442";"22.3"
"2019-09-23 06:26:07.232";"2019-09-23";"06:26:07";"F";"2668";"472";"720";"198";"0.344";"28.6"
"2019-09-23 06:26:28.719";"2019-09-23";"06:26:28";"F";"2669";"488";"664";"295";"0.265";"32.8"
"2019-09-23 06:26:49.032";"2019-09-23";"06:26:49";"F";"2670";"499";"610";"475";"0.182";"36.3"
"2019-09-23 06:27:10.668";"2019-09-23";"06:27:10";"F";"2671";"492";"559";"700";"0.120";"35.3"
"2019-09-23 06:27:31.168";"2019-09-23";"06:27:31";"F";"2672";"475";"506";"1250";"0.061";"32.0"
"2019-09-23 06:28:24.761";"2019-09-23";"06:28:24";"FO";"2673";"409";"1298";"0";"0.685";"0.0"
"2019-09-23 06:28:43.668";"2019-09-23";"06:28:43";"F";"2674";"632";"1308";"60";"0.517";"13.0"
"2019-09-23 06:29:04.705";"2019-09-23";"06:29:04";"F";"2675";"614";"1275";"85";"0.518";"18.5"
"2019-09-23 06:29:25.637";"2019-09-23";"06:29:25";"F";"2676";"650";"1228";"120";"0.471";"23.7"
"2019-09-23 06:29:46.615";"2019-09-23";"06:29:46";"F";"2677";"707";"1147";"198";"0.384";"31.9"
"2019-09-23 06:30:07.059";"2019-09-23";"06:30:07";"F";"2678";"727";"1048";"295";"0.306";"37.9"
"2019-09-23 06:30:28.404";"2019-09-23";"06:30:28";"F";"2679";"740";"944";"475";"0.216";"43.1"
"2019-09-23 06:30:49.056";"2019-09-23";"06:30:49";"F";"2680";"728";"848";"700";"0.142";"41.7"
"2019-09-23 06:31:10.359";"2019-09-23";"06:31:10";"F";"2681";"703";"759";"1250";"0.074";"38.9"
"2019-09-23 06:32:13.727";"2019-09-23";"06:32:13";"FO";"2682";"282";"951";"0";"0.703";"0.0"
"2019-09-23 06:32:34.800";"2019-09-23";"06:32:34";"F";"2683";"409";"944";"60";"0.567";"14.3"
"2019-09-23 06:32:56.262";"2019-09-23";"06:32:56";"F";"2684";"408";"914";"85";"0.554";"19.8"
"2019-09-23 06:33:17.200";"2019-09-23";"06:33:17";"F";"2685";"431";"872";"120";"0.506";"25.5"
"2019-09-23 06:33:37.487";"2019-09-23";"06:33:37";"F";"2686";"476";"812";"198";"0.414";"34.4"
"2019-09-23 06:33:58.090";"2019-09-23";"06:33:58";"F";"2687";"495";"736";"295";"0.327";"40.5"
"2019-09-23 06:34:19.453";"2019-09-23";"06:34:19";"F";"2688";"506";"659";"475";"0.232";"46.3"
"2019-09-23 06:34:39.844";"2019-09-23";"06:34:39";"F";"2689";"498";"587";"700";"0.152";"44.7"
"2019-09-23 06:35:00.240";"2019-09-23";"06:35:00";"F";"2690";"479";"522";"1250";"0.082";"43.1"
"2019-09-23 06:36:14.388";"2019-09-23";"06:36:14";"FO";"2691";"397";"1342";"0";"0.704";"0.0"
"2019-09-23 06:36:34.152";"2019-09-23";"06:36:34";"F";"2692";"666";"1346";"60";"0.505";"12.7"
"2019-09-23 06:36:55.118";"2019-09-23";"06:36:55";"F";"2693";"643";"1303";"85";"0.507";"18.1"
"2019-09-23 06:37:16.621";"2019-09-23";"06:37:16";"F";"2694";"679";"1242";"120";"0.453";"22.8"
"2019-09-23 06:37:36.812";"2019-09-23";"06:37:36";"F";"2695";"756";"1158";"198";"0.347";"28.9"
"2019-09-23 06:37:57.168";"2019-09-23";"06:37:57";"F";"2696";"788";"1061";"295";"0.257";"31.8"
"2019-09-23 06:38:18.873";"2019-09-23";"06:38:18";"F";"2697";"803";"963";"475";"0.166";"33.1"
"2019-09-23 06:38:39.878";"2019-09-23";"06:38:39";"F";"2698";"785";"870";"700";"0.098";"28.8"
"2019-09-23 06:39:00.327";"2019-09-23";"06:39:00";"F";"2699";"742";"780";"1250";"0.049";"25.7"
"2019-09-23 06:39:44.777";"2019-09-23";"06:39:44";"FO";"2700";"297";"805";"0";"0.631";"0.0"
"2019-09-23 06:40:04.606";"2019-09-23";"06:40:04";"F";"2701";"413";"792";"60";"0.479";"12.1"
"2019-09-23 06:40:25.701";"2019-09-23";"06:40:25";"F";"2702";"381";"740";"85";"0.485";"17.3"
"2019-09-23 06:40:46.502";"2019-09-23";"06:40:46";"F";"2703";"375";"694";"120";"0.460";"23.2"
"2019-09-23 06:41:06.856";"2019-09-23";"06:41:06";"F";"2704";"390";"635";"198";"0.386";"32.1"
"2019-09-23 06:41:27.414";"2019-09-23";"06:41:27";"F";"2705";"386";"565";"295";"0.317";"39.3"
"2019-09-23 06:41:48.968";"2019-09-23";"06:41:48";"F";"2706";"376";"491";"475";"0.234";"46.7"
"2019-09-23 06:42:10.075";"2019-09-23";"06:42:10";"F";"2707";"355";"422";"700";"0.159";"46.7"
"2019-09-23 06:42:30.356";"2019-09-23";"06:42:30";"F";"2708";"331";"364";"1250";"0.091";"47.8"
"2019-09-23 06:43:23.515";"2019-09-23";"06:43:23";"FO";"2709";"355";"1179";"0";"0.699";"0.0"
"2019-09-23 06:43:43.408";"2019-09-23";"06:43:43";"F";"2710";"638";"1201";"60";"0.469";"11.8"
"2019-09-23 06:44:04.137";"2019-09-23";"06:44:04";"F";"2711";"658";"1199";"85";"0.451";"16.1"
"2019-09-23 06:44:25.122";"2019-09-23";"06:44:25";"F";"2712";"725";"1201";"120";"0.396";"20.0"
"2019-09-23 06:44:45.399";"2019-09-23";"06:44:45";"F";"2713";"847";"1177";"198";"0.280";"23.3"
"2019-09-23 06:45:05.925";"2019-09-23";"06:45:05";"F";"2714";"914";"1139";"295";"0.198";"24.5"
"2019-09-23 06:45:27.278";"2019-09-23";"06:45:27";"F";"2715";"956";"1089";"475";"0.122";"24.3"
"2019-09-23 06:45:48.438";"2019-09-23";"06:45:48";"F";"2716";"956";"1031";"700";"0.073";"21.5"
"2019-09-23 06:46:08.122";"2019-09-23";"06:46:08";"F";"2717";"929";"958";"1250";"0.030";"15.8"
"2019-09-23 06:46:51.233";"2019-09-23";"06:46:51";"FO";"2718";"312";"937";"0";"0.667";"0.0"
"2019-09-23 06:47:12.265";"2019-09-23";"06:47:12";"F";"2719";"457";"937";"60";"0.512";"12.9"
"2019-09-23 06:47:33.169";"2019-09-23";"06:47:33";"F";"2720";"445";"901";"85";"0.506";"18.1"
"2019-09-23 06:47:52.929";"2019-09-23";"06:47:52";"F";"2721";"452";"856";"120";"0.472";"23.8"
"2019-09-23 06:48:14.436";"2019-09-23";"06:48:14";"F";"2722";"490";"794";"198";"0.383";"31.9"
"2019-09-23 06:48:34.930";"2019-09-23";"06:48:34";"F";"2723";"502";"719";"295";"0.302";"37.4"
"2019-09-23 06:48:55.526";"2019-09-23";"06:48:55";"F";"2724";"507";"642";"475";"0.210";"41.9"
"2019-09-23 06:49:16.518";"2019-09-23";"06:49:16";"F";"2725";"491";"569";"700";"0.137";"40.3"
"2019-09-23 06:49:37.538";"2019-09-23";"06:49:37";"F";"2726";"467";"504";"1250";"0.073";"38.3"
